-- ─────────────────────────────────────────────────────────
-- ORGANIZATION & BRANCH
-- ─────────────────────────────────────────────────────────
insert into public.organizations (id, name, legal_name, currency_code, timezone)
values ('11111111-1111-1111-1111-111111111111', 'ZiiiPos Restaurants', 'ZiiiPos Restaurants SAS', 'COP', 'America/Bogota')
on conflict (id) do nothing;

insert into public.branches (id, organization_id, name, code, address)
values ('22222222-2222-2222-2222-222222222222', '11111111-1111-1111-1111-111111111111', 'Polanco', 'POL', 'Masaryk 100, CDMX')
on conflict (id) do nothing;

-- ─────────────────────────────────────────────────────────
-- UNITS OF MEASURE
-- ─────────────────────────────────────────────────────────
insert into public.units_of_measure (id, code, name, unit_type, base_unit_code, conversion_factor)
values
  ('33333333-3333-3333-3333-333333333331', 'kg',   'Kilogramo', 'weight', 'g',    1000),
  ('33333333-3333-3333-3333-333333333332', 'l',    'Litro',     'volume', 'ml',   1000),
  ('33333333-3333-3333-3333-333333333333', 'unit', 'Pieza',     'count',  'unit', 1)
on conflict (id) do nothing;

-- ─────────────────────────────────────────────────────────
-- SERVICE AREAS & TABLES
-- ─────────────────────────────────────────────────────────
insert into public.service_areas (id, branch_id, name, sort_order)
values
  ('aa000001-0000-0000-0000-000000000001', '22222222-2222-2222-2222-222222222222', 'Salon principal', 0),
  ('aa000001-0000-0000-0000-000000000002', '22222222-2222-2222-2222-222222222222', 'Terraza',         1)
on conflict (id) do nothing;

insert into public.restaurant_tables (id, branch_id, service_area_id, table_number, capacity, status)
values
  ('bb000001-0000-0000-0000-000000000001', '22222222-2222-2222-2222-222222222222', 'aa000001-0000-0000-0000-000000000001', '1',  4, 'occupied'),
  ('bb000001-0000-0000-0000-000000000002', '22222222-2222-2222-2222-222222222222', 'aa000001-0000-0000-0000-000000000001', '2',  4, 'available'),
  ('bb000001-0000-0000-0000-000000000003', '22222222-2222-2222-2222-222222222222', 'aa000001-0000-0000-0000-000000000001', '3',  6, 'available'),
  ('bb000001-0000-0000-0000-000000000004', '22222222-2222-2222-2222-222222222222', 'aa000001-0000-0000-0000-000000000001', '4',  6, 'occupied'),
  ('bb000001-0000-0000-0000-000000000005', '22222222-2222-2222-2222-222222222222', 'aa000001-0000-0000-0000-000000000001', '5',  2, 'available'),
  ('bb000001-0000-0000-0000-000000000006', '22222222-2222-2222-2222-222222222222', 'aa000001-0000-0000-0000-000000000001', '6',  2, 'occupied'),
  ('bb000001-0000-0000-0000-000000000007', '22222222-2222-2222-2222-222222222222', 'aa000001-0000-0000-0000-000000000001', '7',  4, 'reserved'),
  ('bb000001-0000-0000-0000-000000000008', '22222222-2222-2222-2222-222222222222', 'aa000001-0000-0000-0000-000000000001', '8',  8, 'occupied'),
  ('bb000001-0000-0000-0000-000000000009', '22222222-2222-2222-2222-222222222222', 'aa000001-0000-0000-0000-000000000001', '9',  4, 'occupied'),
  ('bb000001-0000-0000-0000-000000000010', '22222222-2222-2222-2222-222222222222', 'aa000001-0000-0000-0000-000000000001', '10', 4, 'available'),
  ('bb000001-0000-0000-0000-000000000011', '22222222-2222-2222-2222-222222222222', 'aa000001-0000-0000-0000-000000000002', 'T1', 4, 'occupied'),
  ('bb000001-0000-0000-0000-000000000012', '22222222-2222-2222-2222-222222222222', 'aa000001-0000-0000-0000-000000000002', 'T2', 4, 'occupied'),
  ('bb000001-0000-0000-0000-000000000013', '22222222-2222-2222-2222-222222222222', 'aa000001-0000-0000-0000-000000000002', 'T3', 2, 'occupied'),
  ('bb000001-0000-0000-0000-000000000014', '22222222-2222-2222-2222-222222222222', 'aa000001-0000-0000-0000-000000000002', 'T4', 2, 'available')
on conflict (branch_id, table_number) do nothing;

-- ─────────────────────────────────────────────────────────
-- PRODUCT CATEGORIES
-- ─────────────────────────────────────────────────────────
insert into public.product_categories (id, branch_id, name, color, sort_order)
values
  ('cc000001-0000-0000-0000-000000000001', '22222222-2222-2222-2222-222222222222', 'Entradas',  '#f97316', 0),
  ('cc000001-0000-0000-0000-000000000002', '22222222-2222-2222-2222-222222222222', 'Parrilla',  '#292524', 1),
  ('cc000001-0000-0000-0000-000000000003', '22222222-2222-2222-2222-222222222222', 'Bebidas',   '#15803d', 2),
  ('cc000001-0000-0000-0000-000000000004', '22222222-2222-2222-2222-222222222222', 'Postres',   '#f43f5e', 3),
  ('cc000001-0000-0000-0000-000000000005', '22222222-2222-2222-2222-222222222222', 'Ensaladas', '#84cc16', 4)
on conflict (branch_id, name) do nothing;

-- ─────────────────────────────────────────────────────────
-- PRODUCTS
-- ─────────────────────────────────────────────────────────
insert into public.products (id, branch_id, category_id, name, product_type, price, tax_rate, cost_snapshot, is_active)
values
  ('dd000001-0000-0000-0000-000000000001', '22222222-2222-2222-2222-222222222222', 'cc000001-0000-0000-0000-000000000001', 'Tostada de atun',        'dish', 169,  16, 48,  true),
  ('dd000001-0000-0000-0000-000000000002', '22222222-2222-2222-2222-222222222222', 'cc000001-0000-0000-0000-000000000001', 'Croquetas de elote',     'dish', 132,  16, 36,  true),
  ('dd000001-0000-0000-0000-000000000003', '22222222-2222-2222-2222-222222222222', 'cc000001-0000-0000-0000-000000000001', 'Bruschetta clasica',     'dish', 118,  16, 32,  true),
  ('dd000001-0000-0000-0000-000000000004', '22222222-2222-2222-2222-222222222222', 'cc000001-0000-0000-0000-000000000002', 'Ribeye 350g',            'dish', 448,  16, 210, true),
  ('dd000001-0000-0000-0000-000000000005', '22222222-2222-2222-2222-222222222222', 'cc000001-0000-0000-0000-000000000002', 'Hamburguesa ZiiiPos',    'dish', 219,  16, 82,  true),
  ('dd000001-0000-0000-0000-000000000006', '22222222-2222-2222-2222-222222222222', 'cc000001-0000-0000-0000-000000000002', 'Arrachera norteña',      'dish', 368,  16, 155, true),
  ('dd000001-0000-0000-0000-000000000007', '22222222-2222-2222-2222-222222222222', 'cc000001-0000-0000-0000-000000000002', 'Pechuga plancha',        'dish', 248,  16, 95,  true),
  ('dd000001-0000-0000-0000-000000000008', '22222222-2222-2222-2222-222222222222', 'cc000001-0000-0000-0000-000000000003', 'Limonada mineral',       'drink', 68,  16, 14,  true),
  ('dd000001-0000-0000-0000-000000000009', '22222222-2222-2222-2222-222222222222', 'cc000001-0000-0000-0000-000000000003', 'Carajillo',              'drink', 145, 16, 38,  true),
  ('dd000001-0000-0000-0000-000000000010', '22222222-2222-2222-2222-222222222222', 'cc000001-0000-0000-0000-000000000003', 'Agua fresca 1L',         'drink', 58,  16, 12,  true),
  ('dd000001-0000-0000-0000-000000000011', '22222222-2222-2222-2222-222222222222', 'cc000001-0000-0000-0000-000000000003', 'Cerveza nacional',       'drink', 72,  16, 28,  true),
  ('dd000001-0000-0000-0000-000000000012', '22222222-2222-2222-2222-222222222222', 'cc000001-0000-0000-0000-000000000004', 'Cheesecake vasco',       'dish', 118,  16, 42,  true),
  ('dd000001-0000-0000-0000-000000000013', '22222222-2222-2222-2222-222222222222', 'cc000001-0000-0000-0000-000000000004', 'Flan de cajeta',         'dish', 96,   16, 28,  true),
  ('dd000001-0000-0000-0000-000000000014', '22222222-2222-2222-2222-222222222222', 'cc000001-0000-0000-0000-000000000005', 'Ensalada Cesar',         'dish', 148,  16, 45,  true),
  ('dd000001-0000-0000-0000-000000000015', '22222222-2222-2222-2222-222222222222', 'cc000001-0000-0000-0000-000000000005', 'Ensalada mixta',         'dish', 128,  16, 38,  true)
on conflict (id) do nothing;

-- ─────────────────────────────────────────────────────────
-- CASH REGISTER & OPEN SESSION
-- ─────────────────────────────────────────────────────────
insert into public.cash_registers (id, branch_id, name)
values ('ee000001-0000-0000-0000-000000000001', '22222222-2222-2222-2222-222222222222', 'Caja 1')
on conflict (branch_id, name) do nothing;

-- open cash session (closed_by null = still open)
insert into public.cash_sessions (id, cash_register_id, opened_by, opening_amount, status, opened_at)
select
  'ff000001-0000-0000-0000-000000000001',
  'ee000001-0000-0000-0000-000000000001',
  au.id,
  2000.00,
  'open',
  now() - interval '3 hours'
from public.app_users au
where au.auth_user_id is not null
limit 1
on conflict (id) do nothing;

-- ─────────────────────────────────────────────────────────
-- INGREDIENTS (for stock alerts)
-- ─────────────────────────────────────────────────────────
insert into public.ingredients (id, branch_id, name, unit_id, min_stock, current_cost, is_active)
values
  ('ii000001-0000-0000-0000-000000000001', '22222222-2222-2222-2222-222222222222', 'Carne molida premium', '33333333-3333-3333-3333-333333333331', 8,    95.00, true),
  ('ii000001-0000-0000-0000-000000000002', '22222222-2222-2222-2222-222222222222', 'Jarabe natural',       '33333333-3333-3333-3333-333333333332', 3,    48.00, true),
  ('ii000001-0000-0000-0000-000000000003', '22222222-2222-2222-2222-222222222222', 'Pan brioche',          '33333333-3333-3333-3333-333333333333', 30,    8.50, true),
  ('ii000001-0000-0000-0000-000000000004', '22222222-2222-2222-2222-222222222222', 'Ribeye',               '33333333-3333-3333-3333-333333333331', 5,   420.00, true),
  ('ii000001-0000-0000-0000-000000000005', '22222222-2222-2222-2222-222222222222', 'Queso crema',          '33333333-3333-3333-3333-333333333331', 4,    85.00, true),
  ('ii000001-0000-0000-0000-000000000006', '22222222-2222-2222-2222-222222222222', 'Limon amarillo',       '33333333-3333-3333-3333-333333333333', 100,   2.50, true)
on conflict (branch_id, name) do nothing;

-- stock movements: leave carne molida, jarabe and pan brioche BELOW minimum (triggers alerts)
insert into public.inventory_movements (branch_id, ingredient_id, movement_type, reference_type, reference_id, quantity, unit_cost, total_cost)
values
  ('22222222-2222-2222-2222-222222222222', 'ii000001-0000-0000-0000-000000000001', 'purchase',         'manual', gen_random_uuid(), 4.2,  95.00,  399.00),
  ('22222222-2222-2222-2222-222222222222', 'ii000001-0000-0000-0000-000000000002', 'purchase',         'manual', gen_random_uuid(), 1.0,  48.00,   48.00),
  ('22222222-2222-2222-2222-222222222222', 'ii000001-0000-0000-0000-000000000003', 'purchase',         'manual', gen_random_uuid(), 18,    8.50,  153.00),
  ('22222222-2222-2222-2222-222222222222', 'ii000001-0000-0000-0000-000000000004', 'purchase',         'manual', gen_random_uuid(), 12.5, 420.00, 5250.00),
  ('22222222-2222-2222-2222-222222222222', 'ii000001-0000-0000-0000-000000000005', 'purchase',         'manual', gen_random_uuid(), 6.8,  85.00,  578.00),
  ('22222222-2222-2222-2322-222222222222', 'ii000001-0000-0000-0000-000000000006', 'purchase',         'manual', gen_random_uuid(), 200,   2.50,  500.00);

-- ─────────────────────────────────────────────────────────
-- DEMO SALES (today, for dashboard metrics)
-- ─────────────────────────────────────────────────────────
-- We insert sales via app_users.id reference
do $$
declare
  v_user_id uuid;
  v_branch   uuid := '22222222-2222-2222-2222-222222222222';
  v_sale_1   uuid := 'sa000001-0000-0000-0000-000000000001';
  v_sale_2   uuid := 'sa000001-0000-0000-0000-000000000002';
  v_sale_3   uuid := 'sa000001-0000-0000-0000-000000000003';
  v_sale_4   uuid := 'sa000001-0000-0000-0000-000000000004';
  v_sale_5   uuid := 'sa000001-0000-0000-0000-000000000005';
begin
  select id into v_user_id from public.app_users limit 1;
  if v_user_id is null then return; end if;

  -- sales
  insert into public.sales (id, branch_id, sale_type, status, subtotal, tax_total, total, opened_by, closed_by, opened_at, closed_at)
  values
    (v_sale_1, v_branch, 'dine_in',  'paid', 514.66,  82.34,  597.00, v_user_id, v_user_id, now()-interval '2.5 hours', now()-interval '2 hours'),
    (v_sale_2, v_branch, 'dine_in',  'paid', 1568.97, 251.03, 1820.00, v_user_id, v_user_id, now()-interval '2 hours',  now()-interval '1.5 hours'),
    (v_sale_3, v_branch, 'takeaway', 'paid', 620.69,  99.31,  720.00, v_user_id, v_user_id, now()-interval '1.5 hours', now()-interval '1 hour'),
    (v_sale_4, v_branch, 'dine_in',  'paid', 759.48,  121.52, 881.00, v_user_id, v_user_id, now()-interval '1 hour',   now()-interval '30 minutes'),
    (v_sale_5, v_branch, 'dine_in',  'open', 362.07,  57.93,  420.00, v_user_id, null,       now()-interval '20 minutes', null)
  on conflict (id) do nothing;

  -- sale items for top-product stats
  insert into public.sale_items (sale_id, product_id, quantity, unit_price, line_total, kitchen_status)
  values
    -- sale 1
    (v_sale_1, 'dd000001-0000-0000-0000-000000000005', 2, 219, 438, 'served'),
    (v_sale_1, 'dd000001-0000-0000-0000-000000000008', 2,  68, 136, 'served'),
    -- sale 2
    (v_sale_2, 'dd000001-0000-0000-0000-000000000004', 2, 448, 896, 'served'),
    (v_sale_2, 'dd000001-0000-0000-0000-000000000009', 4, 145, 580, 'served'),
    (v_sale_2, 'dd000001-0000-0000-0000-000000000012', 2, 118, 236, 'served'),
    -- sale 3
    (v_sale_3, 'dd000001-0000-0000-0000-000000000005', 1, 219, 219, 'served'),
    (v_sale_3, 'dd000001-0000-0000-0000-000000000009', 3, 145, 435, 'served'),
    -- sale 4
    (v_sale_4, 'dd000001-0000-0000-0000-000000000006', 2, 368, 736, 'served'),
    -- sale 5 (open - kitchen queue)
    (v_sale_5, 'dd000001-0000-0000-0000-000000000004', 1, 448, 448, 'preparing'),
    (v_sale_5, 'dd000001-0000-0000-0000-000000000001', 2, 169, 338, 'pending')
  on conflict (id) do nothing;
end;
$$;